1,���������`���V�ՌQ,43.3827777,145.8141666,�k�C�������s
2,�ܗŊs,41.7972222,140.7569444,�k�C�����َs
3,���O��i���R��j,41.4297222,140.1083333,�k�C�����O��
4,�O�O��,40.6075,140.4638888,�X���O�O�s
5,����,40.5061111,141.4605555,�X�����ˎs
6,������,39.7005555,141.15,��茧�����s
7,�����,38.3066666,140.9883333,�{�錧�����s
8,����i�t��j,38.2530555,140.8555555,�{�錧���s
9,�v�ۓc��,39.7227777,140.1236111,�H�c���H�c�s
10,�R�`��,38.2555555,140.3283333,�R�`���R�`�s
11,��{����i������j,37.5994444,140.4277777,��������{���s
12,��Îᏼ��,37.4875,139.9297222,��������Îᏼ�s
13,���͏����,37.1325,140.2133333,���������͎s
14,���ˏ�,36.3752777,140.4769444,��錧���ˎs
15,��������(�f����),36.3375,139.4522222,�Ȗ،������s
16,���֏�,36.405,138.9508333,�Q�n������s
17,���R��,36.3169444,139.3777777,�Q�n�����c�s
18,���`��,36.1091666,139.1958333,��ʌ��񋏒�
19,��z��,35.9247222,139.4913888,��ʌ���z�s
20,���q��,35.7222222,140.2158333,��t�����q�s
21,�]�ˏ�,35.6872222,139.7552777,�����s���c��
22,�����q��,35.6530555,139.2527777,�����s�����q�s
23,���c����,35.2513888,139.1536111,�_�ސ쌧���c���s
24,���c����(���c�_��),35.6866666,138.5766666,�R�����b�{�s
25,�b�{��,35.6652777,138.5713888,�R�����b�{�s
26,�����,36.5658333,138.1958333,���쌧����s
27,��c��,36.4036111,138.2444444,���쌧��c�s
28,������,36.3269444,138.4169444,���쌧�����s
29,���{��,36.2386111,137.9688888,���쌧���{�s
30,������,35.8327777,138.0625,���쌧�ɓߎs
31,�V���c��,37.9552777,139.3252777,�V�����V���c�s
32,�t���R��,37.1466666,138.2055555,�V������z�s
33,������,36.7491666,137.0208333,�x�R�������s
34,������,37.0086111,136.9838888,�ΐ쌧�����s
35,�����,36.5636111,136.6594444,�ΐ쌧����s
36,�ۉ���,36.1519444,136.2722222,���䌧���s
37,���J��,35.9958333,136.3080555,���䌧����s
38,�⑺��,35.3597222,137.4511111,�򕌌��b�ߎs
39,�򕌏�,35.4338888,136.7822222,�򕌌��򕌎s
40,�R����,35.1561111,138.9919444,�É����O���s
41,�x�{��,34.9791666,138.3830555,�É����É��s
42,�|���,34.775,138.0138888,�É����|��s
43,���R��,35.3883333,136.9391666,���m�����R�s
44,���É���,35.1858333,136.8994444,���m�����É��s
45,�����,34.9561111,137.1588888,���m������s
46,����,34.9227777,137.5597222,���m���V��s
47,�ɉ����,34.77,136.1272222,�O�d���ɉ�s
48,�����,34.5758333,136.5255555,�O�d������s
49,���J��,35.4588888,136.2763888,���ꌧ���l�s
50,�F����,35.2763888,136.2516666,���ꌧ�F���s
51,���y��,35.1558333,136.1391666,���ꌧ�ߍ]�����s
52,�ω�����,35.1458333,136.1577777,���ꌧ�ߍ]�����s
53,�����,35.0141666,135.7477777,���s�{���s�s
54,����,34.6875,135.5258333,���{���s
55,�瑁��,34.4169444,135.6513888,���{�瑁�ԍ㑺
56,�|�c��,35.3,134.8288888,���Ɍ������s
57,�R��,35.0730555,135.2175,���Ɍ��R�s
58,���Ώ�,34.6525,134.9916666,���Ɍ����Ύs
59,�P�H��,34.8394444,134.6938888,���Ɍ��P�H�s
60,�ԕ��,34.7458333,134.3891666,���Ɍ��ԕ�s
61,�����,34.4291666,135.8275,�ޗǌ����撬
62,�a�̎R��,34.2275,135.1713888,�a�̎R���a�̎R�s
63,�����,35.51,134.2411111,���挧����s
64,���]��,35.475,133.0505555,���������]�s
65,���R�x�c��,35.3608333,133.1847222,�����������s
66,�Øa���,34.46,131.7641666,�������Øa�쒬
67,�ÎR��,35.0627777,134.005,���R���ÎR�s
68,�������R��,34.8088888,133.6219444,���R�������s
69,�S�m��,34.7275,133.7677777,���R�����Ўs
70,���R��,34.665,133.9361111,���R�����R�s
71,���R��,34.4908333,133.3611111,�L�������R�s
72,�S�R��,34.6736111,132.7094444,�L�������|���c�s
73,�L����,34.4025,132.4591666,�L�����L���s
74,�⍑��,34.1752777,132.1741666,�R�����⍑�s
75,����,34.4213888,131.3813888,�R�������s
76,������,34.0752777,134.555,�����������s
77,������,34.3502777,134.0516666,���쌧�����s
78,�ۋT��,34.2861111,133.8005555,���쌧�ۋT�s
79,������,34.0633333,133.0069444,���Q�������s
80,���z��,33.8486111,132.7863888,���Q�����R�s
81,���R��,33.8455555,132.7655555,���Q�����R�s
82,��F��,33.5094444,132.5411111,���Q����F�s
83,�F�a����,33.2191666,132.565,���Q���F�a���s
84,���m��,33.5608333,133.5311111,���m�����m�s
85,������,33.5847222,130.3830555,�����������s
86,����,33.5397222,130.5230555,����������s
87,���쉮��,33.5302777,129.8691666,���ꌧ���Îs
88,�g�샖��,33.3247222,130.3833333,���ꌧ�g�샖����
89,�����,33.2452777,130.3027777,���ꌧ����s
90,���ˏ�,33.3683333,129.5575,���茧���ˎs
91,������,32.7891666,130.3672222,���茧�����s
92,�F�{��,32.8061111,130.7058333,�F�{���F�{�s
93,�l�g��,32.2111111,130.7663888,�F�{���l�g�s
94,�啪�{����,33.2405555,131.6113888,�啪���啪�s
95,����,32.9691666,131.4077777,�啪���|�c�s
96,�K���,31.6288888,131.35,�{�茧����s
97,��������(�t����),31.5986111,130.5547222,���������������s
98,���A�m��,26.6911111,127.9297222,���ꌧ���A�m��
99,�����,26.2838888,127.8011111,���ꌧ���鑺
100,�񗢏�,26.2169444,127.7194444,���ꌧ�ߔe�s
